{"cameraMode":{"drawMode":0,"name":"Shaded","section":"Shading Mode"},"sceneLighting":true,"audioPlay":false,"sceneViewState":{"m_AlwaysRefresh":false,"showFog":true,"showSkybox":true,"showFlares":true,"showImageEffects":true,"showParticleSystems":true,"showVisualEffectGraphs":true,"m_FxEnabled":true},"in2DMode":false,"pivot":{"x":350.8387756347656,"y":-72.92706298828125,"z":-319.44964599609377},"rotation":{"x":-0.001475370372645557,"y":0.9948493838310242,"z":-0.10032039880752564,"w":-0.014629081822931767},"size":196.6974639892578,"orthographic":false}