{"cameraMode":{"drawMode":0,"name":"Shaded","section":"Shading Mode"},"sceneLighting":true,"audioPlay":false,"sceneViewState":{"m_AlwaysRefresh":false,"showFog":true,"showSkybox":true,"showFlares":true,"showImageEffects":true,"showParticleSystems":true,"showVisualEffectGraphs":true,"m_FxEnabled":true},"in2DMode":false,"pivot":{"x":360.6526794433594,"y":1.156569004058838,"z":50.09602737426758},"rotation":{"x":0.037686824798583987,"y":-0.8495866060256958,"z":0.06127607822418213,"w":0.5225218534469605},"size":0.5628013610839844,"orthographic":false}